{"stats":{"minecraft:mined":{"minecraft:dark_oak_log":38},"minecraft:dropped":{"minecraft:rotten_flesh":1,"jujutsucraft:uniform_normal_leggings":1,"minecraft:ink_sac":3,"jujutsucraft:uniform_normal_boots":1,"jujutsucraft:uniform_normal_chestplate":1,"jujutsucraft:hair_fushiguro_megumi_helmet":1},"minecraft:crafted":{"minecraft:dark_oak_slab":96,"minecraft:dark_oak_planks":152,"minecraft:crafting_table":1,"minecraft:stick":4},"minecraft:picked_up":{"minecraft:arrow":2,"minecraft:bone":2,"minecraft:rotten_flesh":1,"minecraft:ink_sac":3,"minecraft:dark_oak_log":38,"minecraft:string":1},"minecraft:killed":{"jujutsucraft:cursed_spirit_grade_36":1,"minecraft:skeleton":1,"minecraft:spider":1,"minecraft:zombie":1,"jujutsucraft:crow":1},"minecraft:used":{"minecraft:crafting_table":1,"minecraft:dark_oak_slab":62},"minecraft:custom":{"minecraft:time_since_rest":19420,"minecraft:play_one_minute":19420,"minecraft:crouch_one_cm":6519,"minecraft:sprint_one_cm":24751,"minecraft:damage_taken":678,"minecraft:walk_one_cm":41817,"minecraft:sneak_time":1662,"minecraft:walk_under_water_one_cm":6527,"minecraft:mob_kills":9,"minecraft:drop":8,"minecraft:jump":232,"minecraft:damage_dealt_resisted":311,"minecraft:damage_dealt":300,"minecraft:leave_game":2,"minecraft:time_since_death":19420,"minecraft:walk_on_water_one_cm":11266,"minecraft:damage_resisted":453,"minecraft:swim_one_cm":41318,"minecraft:interact_with_crafting_table":4,"minecraft:fall_one_cm":6028,"minecraft:fly_one_cm":41870}},"DataVersion":2586}