{"stats":{"minecraft:killed":{"minecraft:sheep":3,"minecraft:horse":3,"jujutsucraft:cursed_spirit_grade_31":1,"jujutsucraft:cursed_spirit_grade_33":2,"jujutsucraft:cursed_spirit_grade_313":1,"jujutsucraft:stevenson_screen":1,"minecraft:pig":1,"jujutsucraft:nanako":1,"minecraft:chicken":1,"jujutsucraft:cursed_spirit_grade_36":1,"jujutsucraft:cursed_spirit_grade_35":1,"jujutsucraft:cursed_spirit_grade_317":1,"jujutsucraft:cursed_spirit_grade_319":1,"jujutsucraft:cursed_spirit_grade_34":1,"minecraft:cow":2},"minecraft:killed_by":{"jujutsucraft:choso":3,"minecraft:player":1,"jujutsucraft:yaga_masamichi":2},"minecraft:crafted":{"minecraft:oak_planks":56,"minecraft:crafting_table":2,"minecraft:stick":4,"minecraft:wooden_pickaxe":1,"minecraft:white_bed":1},"minecraft:picked_up":{"minecraft:feather":2,"minecraft:chicken":1,"minecraft:salmon":2,"minecraft:leather":6,"jujutsucraft:uniform_normal_boots":1,"minecraft:oak_log":16,"jujutsucraft:uniform_normal_chestplate":1,"minecraft:ink_sac":3,"minecraft:barrel":1,"minecraft:dirt":1,"jujutsucraft:uniform_normal_leggings":1,"jujutsucraft:sword_ogi":1,"minecraft:decorated_pot":1,"jujutsucraft:sword_black":2,"minecraft:beef":6,"jujutsucraft:sword_shigemo":2,"minecraft:light_gray_wool":1,"minecraft:mutton":6,"minecraft:white_wool":6},"minecraft:mined":{"minecraft:barrel":1,"minecraft:grass":4,"minecraft:grass_block":1,"minecraft:oak_log":14,"minecraft:decorated_pot":1},"minecraft:dropped":{"minecraft:dirt":1,"jujutsucraft:uniform_normal_leggings":1,"minecraft:ink_sac":3,"minecraft:mutton":4,"minecraft:chicken":1,"minecraft:feather":2,"jujutsucraft:sword_black":1,"minecraft:light_gray_wool":1,"jujutsucraft:uniform_normal_boots":1,"minecraft:salmon":2,"jujutsucraft:uniform_normal_chestplate":1},"minecraft:used":{"jujutsucraft:sword_ogi":1,"minecraft:decorated_pot":1,"jujutsucraft:uniform_normal_boots":1,"minecraft:barrel":1,"minecraft:crafting_table":2,"jujutsucraft:uniform_normal_leggings":1,"minecraft:white_bed":1,"jujutsucraft:uniform_normal_chestplate":1},"minecraft:custom":{"minecraft:time_since_rest":70,"minecraft:sprint_one_cm":159927,"minecraft:damage_taken":2067,"minecraft:walk_one_cm":265968,"minecraft:mob_kills":22,"minecraft:drop":18,"minecraft:damage_dealt":1757,"minecraft:swim_one_cm":12386,"minecraft:damage_dealt_absorbed":2368,"minecraft:interact_with_crafting_table":2,"minecraft:fly_one_cm":397193,"minecraft:open_barrel":18,"minecraft:crouch_one_cm":574,"minecraft:play_time":37156,"minecraft:deaths":7,"minecraft:sneak_time":119,"minecraft:walk_under_water_one_cm":5350,"minecraft:damage_dealt_resisted":10800,"minecraft:jump":417,"minecraft:leave_game":2,"minecraft:time_since_death":0,"minecraft:walk_on_water_one_cm":4657,"minecraft:sleep_in_bed":2,"minecraft:total_world_time":37156,"minecraft:fall_one_cm":9707}},"DataVersion":3465}