{"stats":{"minecraft:mined":{"minecraft:grass_block":1,"minecraft:decorated_pot":1,"minecraft:white_concrete":2,"minecraft:barrel":1,"minecraft:grass":4,"minecraft:oak_log":14},"minecraft:picked_up":{"minecraft:feather":3,"minecraft:chicken":3,"minecraft:salmon":2,"minecraft:leather":19,"jujutsucraft:uniform_normal_boots":1,"minecraft:oak_log":16,"minecraft:dirt":1,"jujutsucraft:uniform_normal_leggings":2,"jujutsucraft:sword_ogi":1,"jujutsucraft:sword_black":2,"minecraft:beef":38,"jujutsucraft:sword_shigemo":2,"minecraft:light_gray_wool":1,"minecraft:porkchop":5,"jujutsucraft:uniform_normal_chestplate":1,"minecraft:ink_sac":3,"minecraft:barrel":1,"jujutsucraft:naginata":1,"minecraft:decorated_pot":1,"jujutsucraft:uniform_q_chestplate":1,"minecraft:gray_wool":1,"minecraft:white_concrete":2,"minecraft:mutton":13,"minecraft:white_wool":10},"minecraft:used":{"minecraft:decorated_pot":1,"minecraft:wooden_pickaxe":2,"jujutsucraft:uniform_normal_boots":1,"minecraft:crafting_table":2,"minecraft:white_bed":1,"jujutsucraft:uniform_normal_chestplate":1,"jujutsucraft:sword_ogi":1,"minecraft:barrel":1,"jujutsucraft:uniform_normal_leggings":1},"minecraft:custom":{"minecraft:mob_kills":202,"minecraft:interact_with_crafting_table":2,"minecraft:open_barrel":22,"minecraft:damage_dealt_resisted":26650,"minecraft:interact_with_stonecutter":1,"minecraft:leave_game":5,"minecraft:time_since_death":418,"minecraft:sleep_in_bed":2,"minecraft:climb_one_cm":156,"minecraft:damage_resisted":1271,"minecraft:time_since_rest":444,"minecraft:sprint_one_cm":656330,"minecraft:damage_taken":9814,"minecraft:walk_one_cm":729018,"minecraft:drop":18,"minecraft:damage_dealt":1798,"minecraft:damage_dealt_absorbed":7154,"minecraft:swim_one_cm":19101,"minecraft:fly_one_cm":1015563,"minecraft:open_chest":23,"minecraft:crouch_one_cm":1454,"minecraft:play_time":83209,"minecraft:deaths":27,"minecraft:sneak_time":272,"minecraft:walk_under_water_one_cm":5915,"minecraft:jump":1566,"minecraft:walk_on_water_one_cm":8559,"minecraft:total_world_time":83209,"minecraft:fall_one_cm":39330},"minecraft:killed_by":{"jujutsucraft:choso":4,"minecraft:player":2,"jujutsucraft:cursed_spirit_grade_16":1,"jujutsucraft:larue":1,"jujutsucraft:curse_user_1":4,"jujutsucraft:yoshino_junpei":2,"jujutsucraft:q":1,"jujutsucraft:shigemo_haruta":2,"jujutsucraft:curse_user":5,"jujutsucraft:gojo_satoru":1,"jujutsucraft:yaga_masamichi":2,"jujutsucraft:cursed_spirit_grade_212":1},"minecraft:killed":{"jujutsucraft:cursed_spirit_grade_32":6,"jujutsucraft:cursed_spirit_grade_31":3,"jujutsucraft:cursed_spirit_grade_33":32,"jujutsucraft:stevenson_screen":2,"minecraft:pig":3,"jujutsucraft:nanako":1,"jujutsucraft:cursed_spirit_grade_11":1,"jujutsucraft:cursed_spirit_grade_35":4,"jujutsucraft:cursed_spirit_grade_318":6,"jujutsucraft:curse_user_1":3,"jujutsucraft:cursed_spirit_grade_316":5,"jujutsucraft:curse_user":2,"minecraft:sheep":14,"minecraft:horse":3,"jujutsucraft:cursed_spirit_grade_39":7,"jujutsucraft:cursed_spirit_grade_313":2,"jujutsucraft:cursed_spirit_grade_312":2,"jujutsucraft:cursed_spirit_grade_314":12,"jujutsucraft:crow":2,"jujutsucraft:cursed_spirit_grade_311":5,"jujutsucraft:cursed_spirit_grade_310":3,"minecraft:chicken":1,"jujutsucraft:cursed_spirit_grade_36":6,"jujutsucraft:rozetsu_shikigami":1,"jujutsucraft:cursed_spirit_grade_317":14,"jujutsucraft:cursed_spirit_grade_315":4,"jujutsucraft:cursed_spirit_grade_38":1,"jujutsucraft:cursed_spirit_grade_34":13,"jujutsucraft:cursed_spirit_grade_319":4,"jujutsucraft:q":2,"minecraft:cow":22},"minecraft:crafted":{"minecraft:oak_planks":56,"minecraft:crafting_table":2,"minecraft:wooden_pickaxe":1,"minecraft:stick":4,"minecraft:white_bed":1},"minecraft:broken":{"minecraft:golden_helmet":1,"minecraft:golden_boots":1,"minecraft:leather_leggings":1},"minecraft:dropped":{"jujutsucraft:uniform_normal_leggings":1,"minecraft:feather":2,"minecraft:chicken":1,"jujutsucraft:sword_black":1,"minecraft:light_gray_wool":1,"minecraft:salmon":2,"jujutsucraft:uniform_normal_chestplate":1,"minecraft:dirt":1,"minecraft:ink_sac":3,"minecraft:mutton":4,"jujutsucraft:uniform_normal_boots":1}},"DataVersion":3465}