{"stats":{"minecraft:killed":{"jujutsucraft:cursed_spirit_grade_31":2,"jujutsucraft:cursed_spirit_grade_33":5,"jujutsucraft:stevenson_screen":2,"minecraft:pig":3,"jujutsucraft:nanako":1,"jujutsucraft:cursed_spirit_grade_35":1,"jujutsucraft:cursed_spirit_grade_316":1,"minecraft:sheep":6,"minecraft:horse":3,"jujutsucraft:cursed_spirit_grade_39":3,"jujutsucraft:cursed_spirit_grade_314":1,"jujutsucraft:cursed_spirit_grade_313":1,"jujutsucraft:crow":1,"jujutsucraft:cursed_spirit_grade_311":1,"minecraft:chicken":1,"jujutsucraft:cursed_spirit_grade_36":1,"jujutsucraft:cursed_spirit_grade_317":3,"jujutsucraft:cursed_spirit_grade_315":2,"jujutsucraft:cursed_spirit_grade_34":2,"jujutsucraft:cursed_spirit_grade_319":2,"jujutsucraft:q":1,"minecraft:cow":22},"minecraft:crafted":{"minecraft:oak_planks":56,"minecraft:crafting_table":2,"minecraft:wooden_pickaxe":1,"minecraft:stick":4,"minecraft:white_bed":1},"minecraft:used":{"minecraft:decorated_pot":1,"minecraft:wooden_pickaxe":2,"jujutsucraft:uniform_normal_boots":1,"minecraft:crafting_table":2,"minecraft:white_bed":1,"jujutsucraft:uniform_normal_chestplate":1,"jujutsucraft:sword_ogi":1,"minecraft:barrel":1,"jujutsucraft:uniform_normal_leggings":1},"minecraft:dropped":{"jujutsucraft:uniform_normal_leggings":1,"minecraft:feather":2,"minecraft:chicken":1,"jujutsucraft:sword_black":1,"minecraft:light_gray_wool":1,"minecraft:salmon":2,"jujutsucraft:uniform_normal_chestplate":1,"minecraft:dirt":1,"minecraft:ink_sac":3,"minecraft:mutton":4,"jujutsucraft:uniform_normal_boots":1},"minecraft:killed_by":{"jujutsucraft:choso":4,"minecraft:player":1,"jujutsucraft:cursed_spirit_grade_16":1,"jujutsucraft:curse_user_1":1,"jujutsucraft:yoshino_junpei":1,"jujutsucraft:q":1,"jujutsucraft:shigemo_haruta":1,"jujutsucraft:yaga_masamichi":2},"minecraft:mined":{"minecraft:grass_block":1,"minecraft:decorated_pot":1,"minecraft:white_concrete":2,"minecraft:barrel":1,"minecraft:grass":4,"minecraft:oak_log":14},"minecraft:custom":{"minecraft:mob_kills":67,"minecraft:interact_with_crafting_table":2,"minecraft:open_barrel":18,"minecraft:damage_dealt_resisted":13147,"minecraft:leave_game":3,"minecraft:time_since_death":747,"minecraft:sleep_in_bed":2,"minecraft:climb_one_cm":156,"minecraft:time_since_rest":776,"minecraft:sprint_one_cm":384308,"minecraft:damage_taken":4174,"minecraft:walk_one_cm":451363,"minecraft:drop":18,"minecraft:damage_dealt":1759,"minecraft:damage_dealt_absorbed":3286,"minecraft:swim_one_cm":19101,"minecraft:fly_one_cm":711643,"minecraft:open_chest":23,"minecraft:crouch_one_cm":1454,"minecraft:play_time":61245,"minecraft:deaths":13,"minecraft:sneak_time":272,"minecraft:walk_under_water_one_cm":5915,"minecraft:jump":1095,"minecraft:walk_on_water_one_cm":8559,"minecraft:total_world_time":61245,"minecraft:fall_one_cm":24470},"minecraft:picked_up":{"minecraft:feather":2,"minecraft:chicken":1,"minecraft:salmon":2,"minecraft:leather":19,"jujutsucraft:uniform_normal_boots":1,"minecraft:oak_log":16,"minecraft:dirt":1,"jujutsucraft:uniform_normal_leggings":1,"jujutsucraft:sword_ogi":1,"jujutsucraft:sword_black":2,"minecraft:beef":38,"jujutsucraft:sword_shigemo":2,"minecraft:light_gray_wool":1,"minecraft:porkchop":5,"jujutsucraft:uniform_normal_chestplate":1,"minecraft:ink_sac":3,"minecraft:barrel":1,"jujutsucraft:naginata":1,"minecraft:decorated_pot":1,"minecraft:white_concrete":2,"minecraft:mutton":6,"minecraft:white_wool":7}},"DataVersion":3465}