{"stats":{"minecraft:picked_up":{"minecraft:crafting_table":1,"minecraft:dark_oak_slab":69,"minecraft:salmon":10,"minecraft:torch":4,"minecraft:ink_sac":3,"minecraft:dark_oak_log":38,"minecraft:string":1,"minecraft:dark_oak_planks":2,"minecraft:bone":2,"minecraft:arrow":2,"minecraft:rotten_flesh":4,"jujutsucraft:sword_black":1,"minecraft:bone_meal":1,"minecraft:cod":4,"minecraft:coal":30,"minecraft:cobblestone":32},"minecraft:crafted":{"minecraft:dark_oak_slab":216,"minecraft:crafting_table":2,"minecraft:stick":12,"minecraft:wooden_axe":1,"minecraft:wooden_pickaxe":1,"minecraft:stone_pickaxe":1,"minecraft:furnace":1,"minecraft:dark_oak_planks":152,"minecraft:torch":8,"minecraft:stone_axe":1},"minecraft:broken":{"minecraft:wooden_axe":1},"minecraft:killed":{"minecraft:skeleton":1,"minecraft:zombie":1,"jujutsucraft:crow":2,"jujutsucraft:cursed_spirit_grade_12":1,"jujutsucraft:cursed_spirit_grade_36":1,"minecraft:spider":1},"minecraft:custom":{"minecraft:time_since_rest":6197,"minecraft:sprint_one_cm":40684,"minecraft:interact_with_furnace":1,"minecraft:damage_taken":744,"minecraft:walk_one_cm":112620,"minecraft:mob_kills":11,"minecraft:drop":32,"minecraft:damage_dealt":300,"minecraft:swim_one_cm":90425,"minecraft:interact_with_crafting_table":9,"minecraft:fly_one_cm":60939,"minecraft:play_one_minute":52504,"minecraft:crouch_one_cm":27925,"minecraft:deaths":4,"minecraft:sneak_time":8749,"minecraft:walk_under_water_one_cm":9772,"minecraft:damage_dealt_resisted":2085,"minecraft:jump":330,"minecraft:leave_game":3,"minecraft:time_since_death":6165,"minecraft:walk_on_water_one_cm":18558,"minecraft:damage_resisted":497,"minecraft:fall_one_cm":9944},"minecraft:used":{"jujutsucraft:sword_black":2,"minecraft:wooden_axe":59,"minecraft:stone_pickaxe":32,"minecraft:wooden_pickaxe":31,"minecraft:dark_oak_slab":247,"minecraft:torch":10,"minecraft:stone_axe":3,"minecraft:crafting_table":3,"minecraft:furnace":1},"minecraft:mined":{"minecraft:dark_oak_slab":65,"minecraft:dark_oak_log":38,"minecraft:torch":2,"minecraft:crafting_table":1,"minecraft:coal_ore":30,"minecraft:stone":32,"minecraft:wall_torch":1},"minecraft:dropped":{"jujutsucraft:uniform_normal_leggings":1,"minecraft:ink_sac":3,"minecraft:rotten_flesh":4,"jujutsucraft:sword_black":1,"minecraft:bone_meal":1,"minecraft:arrow":2,"jujutsucraft:uniform_normal_boots":1,"minecraft:string":1,"minecraft:salmon":10,"jujutsucraft:uniform_normal_chestplate":1,"minecraft:cod":4,"jujutsucraft:hair_fushiguro_megumi_helmet":1,"minecraft:bone":2}},"DataVersion":2586}