{"stats":{"minecraft:killed":{"minecraft:sheep":5,"minecraft:horse":3,"jujutsucraft:cursed_spirit_grade_31":1,"jujutsucraft:cursed_spirit_grade_33":3,"jujutsucraft:cursed_spirit_grade_313":1,"jujutsucraft:stevenson_screen":1,"minecraft:pig":2,"jujutsucraft:nanako":1,"minecraft:chicken":1,"jujutsucraft:cursed_spirit_grade_36":1,"jujutsucraft:cursed_spirit_grade_35":1,"jujutsucraft:cursed_spirit_grade_317":2,"jujutsucraft:cursed_spirit_grade_316":1,"jujutsucraft:cursed_spirit_grade_319":2,"jujutsucraft:cursed_spirit_grade_34":1,"jujutsucraft:q":1,"minecraft:cow":22},"minecraft:crafted":{"minecraft:oak_planks":56,"minecraft:crafting_table":2,"minecraft:stick":4,"minecraft:wooden_pickaxe":1,"minecraft:white_bed":1},"minecraft:used":{"jujutsucraft:sword_ogi":1,"minecraft:decorated_pot":1,"jujutsucraft:uniform_normal_boots":1,"minecraft:barrel":1,"minecraft:crafting_table":2,"jujutsucraft:uniform_normal_leggings":1,"minecraft:white_bed":1,"jujutsucraft:uniform_normal_chestplate":1},"minecraft:dropped":{"minecraft:dirt":1,"jujutsucraft:uniform_normal_leggings":1,"minecraft:ink_sac":3,"minecraft:mutton":4,"minecraft:chicken":1,"minecraft:feather":2,"jujutsucraft:sword_black":1,"minecraft:light_gray_wool":1,"jujutsucraft:uniform_normal_boots":1,"minecraft:salmon":2,"jujutsucraft:uniform_normal_chestplate":1},"minecraft:killed_by":{"jujutsucraft:choso":4,"jujutsucraft:q":1,"minecraft:player":1,"jujutsucraft:yaga_masamichi":2},"minecraft:mined":{"minecraft:barrel":1,"minecraft:grass":4,"minecraft:grass_block":1,"minecraft:oak_log":14,"minecraft:decorated_pot":1},"minecraft:custom":{"minecraft:time_since_rest":9973,"minecraft:damage_taken":2842,"minecraft:sprint_one_cm":265340,"minecraft:walk_one_cm":346631,"minecraft:mob_kills":50,"minecraft:drop":18,"minecraft:damage_dealt":1759,"minecraft:damage_dealt_absorbed":3253,"minecraft:interact_with_crafting_table":2,"minecraft:open_barrel":18,"minecraft:swim_one_cm":13657,"minecraft:fly_one_cm":504207,"minecraft:open_chest":4,"minecraft:crouch_one_cm":574,"minecraft:play_time":49245,"minecraft:deaths":9,"minecraft:sneak_time":132,"minecraft:walk_under_water_one_cm":5608,"minecraft:jump":714,"minecraft:damage_dealt_resisted":11636,"minecraft:leave_game":3,"minecraft:time_since_death":9910,"minecraft:walk_on_water_one_cm":5672,"minecraft:sleep_in_bed":2,"minecraft:total_world_time":49245,"minecraft:fall_one_cm":17341},"minecraft:picked_up":{"minecraft:feather":2,"minecraft:chicken":1,"minecraft:salmon":2,"minecraft:leather":19,"jujutsucraft:uniform_normal_boots":1,"minecraft:porkchop":3,"jujutsucraft:uniform_normal_chestplate":1,"minecraft:oak_log":16,"minecraft:ink_sac":3,"minecraft:barrel":1,"minecraft:dirt":1,"jujutsucraft:uniform_normal_leggings":1,"jujutsucraft:sword_ogi":1,"minecraft:decorated_pot":1,"jujutsucraft:sword_black":2,"minecraft:beef":38,"jujutsucraft:sword_shigemo":2,"minecraft:light_gray_wool":1,"minecraft:mutton":6,"minecraft:white_wool":6}},"DataVersion":3465}