{"stats":{"minecraft:picked_up":{"minecraft:arrow":2,"minecraft:bone":2,"minecraft:rotten_flesh":1,"minecraft:dark_oak_log":11},"minecraft:killed":{"minecraft:skeleton":1,"minecraft:zombie":1},"minecraft:custom":{"minecraft:time_since_rest":5465,"minecraft:play_one_minute":5465,"minecraft:sprint_one_cm":11312,"minecraft:damage_taken":126,"minecraft:walk_one_cm":15921,"minecraft:mob_kills":4,"minecraft:drop":5,"minecraft:damage_dealt_resisted":167,"minecraft:jump":94,"minecraft:damage_dealt":200,"minecraft:time_since_death":5465,"minecraft:damage_resisted":84,"minecraft:fall_one_cm":2492,"minecraft:fly_one_cm":18429},"minecraft:mined":{"minecraft:dark_oak_log":12},"minecraft:dropped":{"minecraft:rotten_flesh":1,"jujutsucraft:uniform_normal_leggings":1,"jujutsucraft:uniform_normal_boots":1,"jujutsucraft:uniform_normal_chestplate":1,"jujutsucraft:hair_fushiguro_megumi_helmet":1}},"DataVersion":2586}