{"stats":{"minecraft:dropped":{"jujutsucraft:uniform_normal_leggings":1,"minecraft:ink_sac":3,"minecraft:rotten_flesh":1,"jujutsucraft:sword_black":1,"jujutsucraft:uniform_normal_boots":1,"jujutsucraft:uniform_normal_chestplate":1,"jujutsucraft:hair_fushiguro_megumi_helmet":1},"minecraft:mined":{"minecraft:dark_oak_slab":3,"minecraft:dark_oak_log":38,"minecraft:crafting_table":1},"minecraft:crafted":{"minecraft:dark_oak_slab":216,"minecraft:crafting_table":2,"minecraft:stick":4,"minecraft:dark_oak_planks":152},"minecraft:killed":{"minecraft:skeleton":1,"minecraft:zombie":1,"jujutsucraft:crow":1,"jujutsucraft:cursed_spirit_grade_12":1,"jujutsucraft:cursed_spirit_grade_36":1,"minecraft:spider":1},"minecraft:picked_up":{"minecraft:crafting_table":1,"minecraft:dark_oak_slab":4,"minecraft:salmon":4,"minecraft:ink_sac":3,"minecraft:dark_oak_log":38,"minecraft:string":1,"minecraft:dark_oak_planks":2,"minecraft:bone":2,"minecraft:arrow":2,"minecraft:rotten_flesh":1,"jujutsucraft:sword_black":1,"minecraft:bone_meal":1},"minecraft:used":{"minecraft:dark_oak_slab":210,"minecraft:crafting_table":3},"minecraft:custom":{"minecraft:time_since_rest":9100,"minecraft:sprint_one_cm":29936,"minecraft:damage_taken":732,"minecraft:walk_one_cm":66304,"minecraft:mob_kills":10,"minecraft:drop":9,"minecraft:damage_dealt":300,"minecraft:swim_one_cm":44438,"minecraft:interact_with_crafting_table":6,"minecraft:fly_one_cm":49589,"minecraft:crouch_one_cm":18372,"minecraft:play_one_minute":31420,"minecraft:deaths":2,"minecraft:sneak_time":4523,"minecraft:walk_under_water_one_cm":8041,"minecraft:damage_dealt_resisted":2085,"minecraft:jump":268,"minecraft:leave_game":2,"minecraft:walk_on_water_one_cm":11483,"minecraft:time_since_death":9064,"minecraft:damage_resisted":489,"minecraft:fall_one_cm":8728}},"DataVersion":2586}