{"stats":{"minecraft:killed":{"jujutsucraft:cursed_spirit_grade_32":9,"jujutsucraft:cursed_spirit_grade_31":3,"jujutsucraft:cursed_spirit_grade_33":47,"jujutsucraft:stevenson_screen":2,"minecraft:pig":8,"jujutsucraft:nanako":1,"jujutsucraft:cursed_spirit_grade_11":1,"minecraft:salmon":1,"jujutsucraft:cursed_spirit_grade_12":1,"jujutsucraft:cursed_spirit_grade_35":4,"jujutsucraft:yoshino_junpei":1,"jujutsucraft:cursed_spirit_grade_318":12,"jujutsucraft:cursed_spirit_grade_316":7,"jujutsucraft:curse_user_1":6,"jujutsucraft:great_serpent":1,"jujutsucraft:curse_user":2,"minecraft:sheep":15,"minecraft:horse":4,"jujutsucraft:cursed_spirit_grade_39":11,"jujutsucraft:blue":1,"jujutsucraft:shigemo_haruta":1,"jujutsucraft:cursed_spirit_grade_314":16,"jujutsucraft:cursed_spirit_grade_312":2,"jujutsucraft:cursed_spirit_grade_313":4,"jujutsucraft:crow":6,"jujutsucraft:cursed_spirit_grade_311":5,"jujutsucraft:cursed_spirit_grade_310":4,"jujutsucraft:negi_toshihisa":1,"minecraft:chicken":1,"jujutsucraft:cursed_spirit_grade_36":12,"jujutsucraft:panda_normal":1,"jujutsucraft:rozetsu_shikigami":1,"jujutsucraft:cursed_spirit_grade_317":22,"jujutsucraft:cursed_spirit_grade_315":13,"jujutsucraft:cursed_spirit_grade_38":4,"jujutsucraft:cursed_spirit_grade_34":24,"jujutsucraft:cursed_spirit_grade_319":8,"jujutsucraft:transfigured_human_1":1,"jujutsucraft:q":2,"minecraft:cow":25},"minecraft:crafted":{"minecraft:oak_planks":56,"minecraft:crafting_table":2,"minecraft:wooden_pickaxe":1,"minecraft:stick":4,"minecraft:white_bed":1},"minecraft:used":{"minecraft:decorated_pot":1,"minecraft:wooden_pickaxe":2,"jujutsucraft:uniform_normal_boots":1,"jujutsucraft:weapon_nanami":1,"minecraft:crafting_table":2,"minecraft:white_bed":1,"jujutsucraft:uniform_normal_chestplate":1,"jujutsucraft:sword_ogi":1,"jujutsucraft:dragon_bone":6,"minecraft:barrel":1,"jujutsucraft:uniform_normal_leggings":1,"jujutsucraft:playful_cloud":3},"minecraft:dropped":{"minecraft:porkchop":7,"minecraft:wheat_seeds":1,"jujutsucraft:uniform_normal_leggings":2,"jujutsucraft:playful_cloud":1,"jujutsucraft:cursed_technique_changer":1,"minecraft:tall_grass":1,"minecraft:chicken":3,"minecraft:feather":3,"jujutsucraft:sword_black":1,"minecraft:light_gray_wool":1,"minecraft:salmon":2,"jujutsucraft:uniform_normal_chestplate":1,"minecraft:dirt":1,"minecraft:gray_wool":1,"minecraft:ink_sac":3,"jujutsucraft:uniform_q_chestplate":1,"minecraft:mutton":13,"minecraft:white_concrete":2,"minecraft:acacia_sapling":1,"minecraft:bone_meal":19,"minecraft:beef":38,"jujutsucraft:uniform_normal_boots":1,"minecraft:white_wool":4,"minecraft:bone":86},"minecraft:killed_by":{"jujutsucraft:choso":4,"jujutsucraft:cursed_spirit_grade_311":1,"minecraft:player":8,"jujutsucraft:cursed_spirit_grade_16":2,"jujutsucraft:negi_toshihisa":1,"jujutsucraft:cursed_spirit_grade_12":4,"jujutsucraft:uraume":1,"jujutsucraft:larue":1,"jujutsucraft:cursed_spirit_grade_26":1,"jujutsucraft:panda_gorilla":1,"jujutsucraft:curse_user_1":4,"jujutsucraft:yoshino_junpei":3,"jujutsucraft:q":1,"jujutsucraft:shigemo_haruta":2,"jujutsucraft:cursed_spirit_grade_18":1,"jujutsucraft:panda_normal":2,"jujutsucraft:curse_user":5,"jujutsucraft:gojo_satoru":1,"jujutsucraft:yaga_masamichi":2,"jujutsucraft:cursed_spirit_grade_212":1},"minecraft:mined":{"minecraft:white_bed":1,"minecraft:grass_block":1,"minecraft:decorated_pot":1,"minecraft:white_concrete":2,"minecraft:barrel":1,"minecraft:grass":13,"minecraft:oak_log":14},"minecraft:custom":{"minecraft:mob_kills":321,"minecraft:interact_with_crafting_table":2,"minecraft:open_barrel":22,"minecraft:damage_dealt_resisted":59581,"minecraft:interact_with_stonecutter":1,"minecraft:leave_game":11,"minecraft:time_since_death":3416,"minecraft:sleep_in_bed":2,"minecraft:climb_one_cm":156,"minecraft:damage_resisted":6982,"minecraft:time_since_rest":3446,"minecraft:sprint_one_cm":1049347,"minecraft:damage_taken":18946,"minecraft:walk_one_cm":1141203,"minecraft:drop":194,"minecraft:damage_dealt":1798,"minecraft:damage_dealt_absorbed":7558,"minecraft:swim_one_cm":62507,"minecraft:fly_one_cm":1888876,"minecraft:player_kills":6,"minecraft:open_chest":23,"minecraft:crouch_one_cm":1619,"minecraft:play_time":128203,"minecraft:deaths":50,"minecraft:sneak_time":343,"minecraft:walk_under_water_one_cm":7405,"minecraft:jump":2724,"minecraft:walk_on_water_one_cm":26732,"minecraft:total_world_time":128203,"minecraft:fall_one_cm":95343},"minecraft:broken":{"minecraft:golden_helmet":1,"minecraft:golden_boots":1,"minecraft:leather_boots":1,"minecraft:leather_leggings":1},"minecraft:picked_up":{"minecraft:feather":3,"minecraft:chicken":3,"minecraft:leather":19,"minecraft:salmon":2,"jujutsucraft:uniform_normal_boots":1,"minecraft:oak_log":16,"jujutsucraft:uniform_normal_leggings":2,"minecraft:dirt":1,"jujutsucraft:sword_ogi":1,"minecraft:wheat_seeds":1,"jujutsucraft:sword_black":2,"minecraft:beef":38,"jujutsucraft:sword_shigemo":2,"minecraft:tall_grass":1,"minecraft:light_gray_wool":1,"minecraft:acacia_sapling":1,"minecraft:porkchop":9,"jujutsucraft:uniform_normal_chestplate":1,"minecraft:white_bed":1,"minecraft:ink_sac":3,"minecraft:barrel":1,"jujutsucraft:naginata":1,"minecraft:decorated_pot":1,"jujutsucraft:uniform_q_chestplate":1,"minecraft:gray_wool":1,"minecraft:white_concrete":2,"minecraft:mutton":13,"minecraft:white_wool":10}},"DataVersion":3465}