{"stats":{"minecraft:picked_up":{"minecraft:feather":4,"minecraft:chicken":3,"minecraft:dark_oak_log":3,"minecraft:dirt":2},"minecraft:crafted":{"minecraft:dark_oak_planks":12},"minecraft:killed":{"jujutsucraft:cursed_spirit_grade_32":2,"minecraft:chicken":4},"minecraft:custom":{"minecraft:time_since_rest":17146,"minecraft:play_one_minute":17146,"minecraft:sprint_one_cm":15709,"minecraft:damage_taken":84,"minecraft:walk_one_cm":31756,"minecraft:sneak_time":19,"minecraft:walk_under_water_one_cm":1414,"minecraft:mob_kills":7,"minecraft:damage_dealt_resisted":269,"minecraft:jump":54,"minecraft:damage_dealt":80,"minecraft:leave_game":1,"minecraft:walk_on_water_one_cm":4602,"minecraft:time_since_death":17146,"minecraft:damage_resisted":42,"minecraft:swim_one_cm":5392,"minecraft:fall_one_cm":317,"minecraft:fly_one_cm":19294},"minecraft:used":{"minecraft:dark_oak_planks":1,"minecraft:dirt":2},"minecraft:mined":{"minecraft:grass_block":2,"minecraft:dark_oak_log":3}},"DataVersion":2586}