{"stats":{"minecraft:picked_up":{"jujutsucraft:hair_fushiguro_megumi_helmet":2,"minecraft:dark_oak_sapling":1,"minecraft:feather":12,"minecraft:chicken":3,"jujutsucraft:uniform_normal_boots":2,"minecraft:porkchop":4,"jujutsucraft:uniform_normal_chestplate":2,"minecraft:gunpowder":2,"minecraft:dark_oak_log":3,"minecraft:dirt":3,"minecraft:string":8,"minecraft:dark_oak_planks":22,"minecraft:bone":12,"minecraft:arrow":6,"minecraft:rotten_flesh":20,"minecraft:bow":3,"jujutsucraft:sword_black":2,"minecraft:ender_pearl":1},"minecraft:crafted":{"minecraft:dark_oak_planks":12},"minecraft:killed":{"jujutsucraft:cursed_spirit_grade_32":2,"minecraft:skeleton":1,"jujutsucraft:cursed_spirit_grade_33":2,"minecraft:zombie":5,"minecraft:pig":1,"jujutsucraft:cursed_spirit_grade_310":1,"minecraft:chicken":4,"minecraft:enderman":1},"minecraft:custom":{"minecraft:time_since_rest":4439,"minecraft:sprint_one_cm":74321,"minecraft:damage_taken":1523,"minecraft:walk_one_cm":69320,"minecraft:mob_kills":20,"minecraft:drop":2,"minecraft:damage_dealt":1000,"minecraft:swim_one_cm":46637,"minecraft:fly_one_cm":114802,"minecraft:play_one_minute":30047,"minecraft:deaths":3,"minecraft:sneak_time":30,"minecraft:walk_under_water_one_cm":5420,"minecraft:jump":355,"minecraft:damage_dealt_resisted":527,"minecraft:leave_game":2,"minecraft:time_since_death":4404,"minecraft:walk_on_water_one_cm":22862,"minecraft:climb_one_cm":9,"minecraft:damage_resisted":1012,"minecraft:fall_one_cm":15438},"minecraft:used":{"minecraft:dark_oak_planks":1,"minecraft:dirt":3,"minecraft:dark_oak_sapling":1},"minecraft:mined":{"minecraft:dark_oak_log":3,"minecraft:grass_block":3},"minecraft:dropped":{"minecraft:rotten_flesh":2},"minecraft:killed_by":{"jujutsucraft:sukuna":2,"jujutsucraft:nue":1}},"DataVersion":2586}