{"stats":{"minecraft:crafted":{"minecraft:oak_planks":92,"minecraft:shield":1,"minecraft:crafting_table":1,"minecraft:stick":12,"minecraft:wooden_pickaxe":1,"minecraft:iron_ingot":8,"minecraft:iron_pickaxe":1,"minecraft:stone_pickaxe":1,"minecraft:wooden_axe":1,"minecraft:stone_sword":1,"minecraft:furnace":1,"minecraft:air":0},"minecraft:killed_by":{"minecraft:creeper":1},"minecraft:used":{"minecraft:wooden_axe":29,"minecraft:stone_sword":53,"minecraft:stone_pickaxe":41,"minecraft:oak_planks":4,"minecraft:wooden_pickaxe":56,"minecraft:dirt":17,"minecraft:crafting_table":2,"minecraft:furnace":2,"minecraft:oak_sapling":1},"minecraft:mined":{"minecraft:furnace":1,"minecraft:iron_ore":8,"minecraft:crafting_table":2,"minecraft:grass":2,"minecraft:grass_block":2,"minecraft:oak_log":23,"minecraft:dirt":6,"minecraft:tall_grass":1,"minecraft:stone":85,"minecraft:oak_planks":4,"minecraft:diorite":3},"minecraft:picked_up":{"minecraft:wooden_axe":1,"minecraft:crafting_table":3,"minecraft:leather":14,"minecraft:wooden_pickaxe":1,"minecraft:dandelion":2,"minecraft:porkchop":8,"minecraft:oak_log":23,"minecraft:diorite":3,"minecraft:dirt":35,"minecraft:iron_ingot":5,"minecraft:beef":17,"minecraft:iron_ore":8,"minecraft:poppy":2,"minecraft:oak_sapling":1,"minecraft:mutton":12,"minecraft:oak_planks":75,"minecraft:white_wool":7,"minecraft:cobblestone":85,"minecraft:furnace":1},"minecraft:killed":{"minecraft:sheep":7,"minecraft:horse":3,"minecraft:pig":4,"minecraft:iron_golem":1,"minecraft:cow":7},"minecraft:custom":{"minecraft:time_since_rest":16592,"minecraft:interact_with_furnace":7,"minecraft:sprint_one_cm":41938,"minecraft:damage_taken":230,"minecraft:walk_one_cm":52286,"minecraft:mob_kills":22,"minecraft:damage_dealt":3310,"minecraft:swim_one_cm":654,"minecraft:interact_with_crafting_table":8,"minecraft:fly_one_cm":52082,"minecraft:crouch_one_cm":397,"minecraft:play_one_minute":21731,"minecraft:deaths":1,"minecraft:sneak_time":113,"minecraft:walk_under_water_one_cm":14,"minecraft:jump":332,"minecraft:leave_game":3,"minecraft:walk_on_water_one_cm":508,"minecraft:time_since_death":16560,"minecraft:fall_one_cm":6011}},"DataVersion":2586}