{"stats":{"minecraft:killed_by":{"minecraft:creeper":1},"minecraft:killed":{"minecraft:horse":3},"minecraft:used":{"minecraft:wooden_axe":29,"minecraft:dirt":1,"minecraft:crafting_table":1,"minecraft:oak_sapling":1,"minecraft:oak_planks":4,"minecraft:wooden_pickaxe":44},"minecraft:crafted":{"minecraft:oak_planks":92,"minecraft:crafting_table":1,"minecraft:stick":4,"minecraft:wooden_pickaxe":1,"minecraft:wooden_axe":1},"minecraft:picked_up":{"minecraft:wooden_axe":1,"minecraft:crafting_table":2,"minecraft:leather":5,"minecraft:dandelion":2,"minecraft:wooden_pickaxe":1,"minecraft:oak_log":23,"minecraft:diorite":3,"minecraft:oak_sapling":1,"minecraft:oak_planks":68,"minecraft:dirt":31,"minecraft:cobblestone":41},"minecraft:custom":{"minecraft:time_since_rest":5837,"minecraft:play_one_minute":10976,"minecraft:deaths":1,"minecraft:sprint_one_cm":12634,"minecraft:damage_taken":220,"minecraft:walk_one_cm":21782,"minecraft:mob_kills":3,"minecraft:jump":71,"minecraft:damage_dealt":650,"minecraft:leave_game":1,"minecraft:time_since_death":5805,"minecraft:interact_with_crafting_table":3,"minecraft:fall_one_cm":1318,"minecraft:fly_one_cm":5828},"minecraft:mined":{"minecraft:grass_block":1,"minecraft:grass":2,"minecraft:oak_log":23,"minecraft:dirt":3,"minecraft:tall_grass":1,"minecraft:stone":41,"minecraft:oak_planks":4,"minecraft:diorite":3,"minecraft:crafting_table":1}},"DataVersion":2586}