{"stats":{"minecraft:killed":{"minecraft:horse":1,"jujutsucraft:cursed_spirit_grade_32":1,"jujutsucraft:cursed_spirit_grade_39":2,"jujutsucraft:stevenson_screen":1,"jujutsucraft:cursed_spirit_grade_314":4,"jujutsucraft:cursed_spirit_grade_310":1,"minecraft:chicken":2,"jujutsucraft:cursed_spirit_grade_36":3,"jujutsucraft:cursed_spirit_grade_35":2,"jujutsucraft:cursed_spirit_grade_317":1,"jujutsucraft:cursed_spirit_grade_318":2,"jujutsucraft:cursed_spirit_grade_315":2,"jujutsucraft:cursed_spirit_grade_34":4,"jujutsucraft:cursed_spirit_grade_319":3,"jujutsucraft:great_serpent":1},"minecraft:crafted":{"minecraft:oak_planks":100,"minecraft:crafting_table":1,"minecraft:birch_planks":20},"minecraft:dropped":{"jujutsucraft:playful_cloud":2},"minecraft:used":{"jujutsucraft:mei_mei_axe":11,"minecraft:oak_planks":97,"jujutsucraft:uniform_gojo_helmet":1,"minecraft:crafting_table":1,"jujutsucraft:uniform_normal_leggings":1,"jujutsucraft:playful_cloud":10,"jujutsucraft:uniform_normal_chestplate":1},"minecraft:killed_by":{"jujutsucraft:curse_user_1":2,"jujutsucraft:great_serpent":1,"jujutsucraft:cursed_spirit_grade_38":1,"jujutsucraft:cursed_spirit_grade_311":1,"minecraft:player":6,"jujutsucraft:zenin_ogi":1,"jujutsucraft:cursed_spirit_grade_16":1,"jujutsucraft:panda_normal":1,"jujutsucraft:cursed_spirit_grade_314":1,"jujutsucraft:negi_toshihisa":1,"jujutsucraft:itadori_yuji_shibuya":1,"jujutsucraft:eight_handled_swrod_divergent_sila_divine_general_mahoraga":5,"jujutsucraft:panda_gorilla":1},"minecraft:mined":{"minecraft:birch_log":5,"minecraft:grass":10,"minecraft:oak_log":5,"minecraft:oak_planks":1},"minecraft:custom":{"minecraft:time_since_rest":7278,"minecraft:sprint_one_cm":282672,"minecraft:damage_taken":7168,"minecraft:walk_one_cm":283768,"minecraft:mob_kills":32,"minecraft:drop":2,"minecraft:damage_dealt":8,"minecraft:damage_dealt_absorbed":4511,"minecraft:swim_one_cm":9160,"minecraft:fly_one_cm":253901,"minecraft:open_chest":1,"minecraft:crouch_one_cm":754,"minecraft:play_time":35952,"minecraft:deaths":24,"minecraft:sneak_time":177,"minecraft:walk_under_water_one_cm":8855,"minecraft:jump":414,"minecraft:damage_dealt_resisted":4362,"minecraft:leave_game":1,"minecraft:walk_on_water_one_cm":34094,"minecraft:time_since_death":7246,"minecraft:total_world_time":35952,"minecraft:damage_resisted":393,"minecraft:fall_one_cm":12260},"minecraft:picked_up":{"minecraft:birch_log":5,"jujutsucraft:dragon_bone":1,"jujutsucraft:playful_cloud":3,"minecraft:porkchop":8,"jujutsucraft:cursed_technique_changer":1,"minecraft:oak_log":25,"jujutsucraft:sword_ogi":1,"jujutsucraft:naginata":2,"minecraft:wheat_seeds":1,"minecraft:oak_sapling":1,"minecraft:oak_planks":1,"jujutsucraft:clothes_miguel_leggings":1}},"DataVersion":3465}