{"stats":{"minecraft:killed":{"jujutsucraft:cursed_spirit_grade_35":1,"jujutsucraft:cursed_spirit_grade_314":2,"jujutsucraft:cursed_spirit_grade_318":1,"jujutsucraft:cursed_spirit_grade_34":1,"jujutsucraft:great_serpent":1},"minecraft:dropped":{"jujutsucraft:playful_cloud":2},"minecraft:used":{"jujutsucraft:uniform_normal_leggings":1,"jujutsucraft:playful_cloud":8,"jujutsucraft:uniform_gojo_helmet":1,"jujutsucraft:uniform_normal_chestplate":1},"minecraft:killed_by":{"jujutsucraft:great_serpent":1,"jujutsucraft:eight_handled_swrod_divergent_sila_divine_general_mahoraga":5,"jujutsucraft:cursed_spirit_grade_38":1,"minecraft:player":6,"jujutsucraft:panda_normal":1,"jujutsucraft:panda_gorilla":1},"minecraft:mined":{"minecraft:grass":8},"minecraft:custom":{"minecraft:time_since_rest":155,"minecraft:crouch_one_cm":754,"minecraft:sprint_one_cm":87520,"minecraft:play_time":19421,"minecraft:damage_taken":4488,"minecraft:deaths":16,"minecraft:walk_one_cm":143134,"minecraft:sneak_time":177,"minecraft:walk_under_water_one_cm":3913,"minecraft:mob_kills":7,"minecraft:drop":2,"minecraft:damage_dealt_resisted":1937,"minecraft:jump":163,"minecraft:time_since_death":128,"minecraft:walk_on_water_one_cm":10331,"minecraft:total_world_time":19421,"minecraft:damage_dealt_absorbed":1775,"minecraft:swim_one_cm":1524,"minecraft:fall_one_cm":3265,"minecraft:fly_one_cm":107280},"minecraft:picked_up":{"jujutsucraft:playful_cloud":3,"minecraft:wheat_seeds":1,"jujutsucraft:cursed_technique_changer":1,"minecraft:porkchop":2}},"DataVersion":3465}